{
  "Åkersberga": [
    59.483333,
    18.3
  ],
  "Alingsås": [
    57.933333,
    12.516667
  ],
  "Ängelholm": [
    56.25,
    12.866667
  ],
  "Arvika": [
    59.666667,
    12.566667
  ],
  "Avesta": [
    60.15,
    16.2
  ],
  "Bålsta": [
    59.583333,
    17.5
  ],
  "Boden": [
    65.833333,
    21.7
  ],
  "Bollnäs": [
    61.35,
    16.366667
  ],
  "Boo": [
    59.333333,
    18.283333
  ],
  "Borås": [
    57.716667,
    12.916667
  ],
  "Borlänge": [
    60.483333,
    15.416667
  ],
  "Enköping": [
    59.633333,
    17.066667
  ],
  "Eskilstuna": [
    59.366667,
    16.5
  ],
  "Eslöv": [
    55.833333,
    13.333333
  ],
  "Fagersta": [
    60,
    15.783333
  ],
  "Falkenberg": [
    56.898056,
    12.501944
  ],
  "Falköping": [
    58.166667,
    13.55
  ],
  "Falun": [
    60.6,
    15.633333
  ],
  "Finspång": [
    58.716667,
    15.783333
  ],
  "Gävle": [
    60.666667,
    17.166667
  ],
  "Göteborg": [
    57.716667,
    11.966667
  ],
  "Halmstad": [
    56.671389,
    12.855556
  ],
  "Härnösand": [
    62.636111,
    17.941111
  ],
  "Hässleholm": [
    56.15,
    13.766667
  ],
  "Helsingborg": [
    56.05,
    12.7
  ],
  "Höganäs": [
    56.2,
    12.55
  ],
  "Hudiksvall": [
    61.733333,
    17.1125
  ],
  "Jönköping": [
    57.783333,
    14.183333
  ],
  "Kalmar": [
    56.666667,
    16.366667
  ],
  "Karlshamn": [
    56.166667,
    14.85
  ],
  "Karlskoga": [
    59.333333,
    14.516667
  ],
  "Karlskrona": [
    56.166667,
    15.583333
  ],
  "Karlstad": [
    59.366667,
    13.5
  ],
  "Katrineholm": [
    59,
    16.2
  ],
  "Kinna": [
    57.5,
    12.683333
  ],
  "Kiruna": [
    67.85,
    20.216667
  ],
  "Köping": [
    59.516667,
    16
  ],
  "Kristianstad": [
    56.033333,
    14.133333
  ],
  "Kristinehamn": [
    59.333333,
    14.116667
  ],
  "Kumla": [
    59.133333,
    15.133333
  ],
  "Kungälv": [
    57.866667,
    11.966667
  ],
  "Kungsbacka": [
    57.483333,
    12.066667
  ],
  "Landskrona": [
    55.866667,
    12.833333
  ],
  "Lerum": [
    57.766667,
    12.266667
  ],
  "Lidingö": [
    59.366667,
    18.133333
  ],
  "Lidköping": [
    58.5,
    13.166667
  ],
  "Lindome": [
    57.566667,
    12.083333
  ],
  "Linköping": [
    58.416667,
    15.616667
  ],
  "Ljungby": [
    56.833333,
    13.933333
  ],
  "Ludvika": [
    60.15,
    15.183333
  ],
  "Luleå": [
    65.583333,
    22.15
  ],
  "Lund": [
    55.7,
    13.183333
  ],
  "Malmö": [
    55.6,
    13
  ],
  "Mariestad": [
    58.7,
    13.816667
  ],
  "Märsta": [
    59.616667,
    17.85
  ],
  "Mjölby": [
    58.316667,
    15.133333
  ],
  "Mölnlycke": [
    57.65,
    12.133333
  ],
  "Motala": [
    58.55,
    15.05
  ],
  "Nässjö": [
    57.65,
    14.683333
  ],
  "Norrköping": [
    58.6,
    16.183333
  ],
  "Norrtälje": [
    59.766667,
    18.7
  ],
  "Nybro": [
    56.75,
    15.9
  ],
  "Nyköping": [
    58.75,
    17
  ],
  "Nynäshamn": [
    58.904444,
    17.946389
  ],
  "Örebro": [
    59.283333,
    15.216667
  ],
  "Örnsköldsvik": [
    63.3,
    18.716667
  ],
  "Oskarshamn": [
    57.266667,
    16.433333
  ],
  "Östersund": [
    63.183333,
    14.65
  ],
  "Oxelösund": [
    58.666667,
    17.1
  ],
  "Piteå": [
    65.333333,
    21.5
  ],
  "Ronneby": [
    56.2,
    15.3
  ],
  "Sala": [
    59.916667,
    16.6
  ],
  "Sandviken": [
    60.616667,
    16.766667
  ],
  "Skara": [
    58.366667,
    13.416667
  ],
  "Skellefteå": [
    64.766667,
    20.95
  ],
  "Skoghall": [
    59.333333,
    13.433333
  ],
  "Skövde": [
    58.4,
    13.85
  ],
  "Söderhamn": [
    61.3,
    17.05
  ],
  "Södertälje": [
    59.2,
    17.616667
  ],
  "Solna": [
    59.366667,
    18.016667
  ],
  "Staffanstorp": [
    55.633333,
    13.216667
  ],
  "Stockholm": [
    59.333333,
    18.05
  ],
  "Strängnäs": [
    59.383333,
    17.033333
  ],
  "Sundsvall": [
    62.383333,
    17.3
  ],
  "Täby": [
    59.5,
    18.05
  ],
  "Timrå": [
    62.477778,
    17.306944
  ],
  "Tranås": [
    58.05,
    14.983333
  ],
  "Trelleborg": [
    55.366667,
    13.166667
  ],
  "Trollhättan": [
    58.266667,
    12.3
  ],
  "Tumba": [
    59.2,
    17.816667
  ],
  "Uddevalla": [
    58.366667,
    11.933333
  ],
  "Umeå": [
    63.833333,
    20.25
  ],
  "UpplandsVäsby": [
    59.516667,
    17.9
  ],
  "Uppsala": [
    59.866667,
    17.633333
  ],
  "Vallentuna": [
    59.533333,
    18.083333
  ],
  "Vänersborg": [
    58.366667,
    12.316667
  ],
  "Varberg": [
    57.1,
    12.25
  ],
  "Värnamo": [
    57.183333,
    14.033333
  ],
  "Västerås": [
    59.616667,
    16.55
  ],
  "Västerhaninge": [
    59.116667,
    18.1
  ],
  "Västervik": [
    57.75,
    16.633333
  ],
  "Växjö": [
    56.883333,
    14.816667
  ],
  "Vetlanda": [
    57.433333,
    15.066667
  ],
  "Visby": [
    57.633333,
    18.3
  ],
  "Ystad": [
    55.416667,
    13.816667
  ]
}
